4,Karianne,True,odit optio omnis qui sunt
4,Karianne,True,et placeat et tempore aspernatur sint numquam
4,Karianne,True,doloremque aut dolores quidem fuga qui nulla
4,Karianne,True,voluptas consequatur qui ut quia magnam nemo esse
4,Karianne,True,fugiat pariatur ratione ut asperiores necessitatibus magni
4,Karianne,True,rerum eum molestias autem voluptatum sit optio
4,Karianne,True,quia voluptatibus voluptatem quos similique maiores repellat
4,Karianne,True,aut id perspiciatis voluptatem iusto
4,Karianne,True,doloribus sint dolorum ab adipisci itaque dignissimos aliquam suscipit
4,Karianne,True,ut sequi accusantium et mollitia delectus sunt
4,Karianne,True,aut velit saepe ullam
4,Karianne,True,praesentium facilis facere quis harum voluptatibus voluptatem eum
4,Karianne,True,sint amet quia totam corporis qui exercitationem commodi
4,Karianne,True,expedita tempore nobis eveniet laborum maiores
4,Karianne,True,occaecati adipisci est possimus totam
4,Karianne,True,sequi dolorem sed
4,Karianne,True,maiores aut nesciunt delectus exercitationem vel assumenda eligendi at
4,Karianne,True,reiciendis est magnam amet nemo iste recusandae impedit quaerat
4,Karianne,True,eum ipsa maxime ut
4,Karianne,True,tempore molestias dolores rerum sequi voluptates ipsum consequatur
